{"cameraMode":{"drawMode":0,"name":"Shaded","section":"Shading Mode"},"sceneLighting":true,"audioPlay":false,"sceneViewState":{"m_AlwaysRefresh":false,"showFog":true,"showSkybox":true,"showFlares":true,"showImageEffects":true,"showParticleSystems":true,"showVisualEffectGraphs":true,"m_FxEnabled":false},"in2DMode":false,"pivot":{"x":-2.747748851776123,"y":-153.56024169921876,"z":89.6954574584961},"rotation":{"x":0.4923568665981293,"y":-0.007837455719709397,"z":0.004437875468283892,"w":0.8703640699386597},"size":101.49835968017578,"orthographic":false}