{"cameraMode":{"drawMode":0,"name":"Shaded","section":"Shading Mode"},"sceneLighting":false,"audioPlay":false,"sceneViewState":{"m_AlwaysRefresh":false,"showFog":true,"showSkybox":false,"showFlares":true,"showImageEffects":true,"showParticleSystems":true,"showVisualEffectGraphs":true,"m_FxEnabled":false},"in2DMode":false,"pivot":{"x":-10.875521659851075,"y":3.725583076477051,"z":-11.722565650939942},"rotation":{"x":-0.02286563254892826,"y":-0.8912026286125183,"z":0.45080801844596865,"w":-0.045239273458719257},"size":0.5346952676773071,"orthographic":false}