{"cameraMode":{"drawMode":0,"name":"Shaded","section":"Shading Mode"},"sceneLighting":false,"audioPlay":false,"sceneViewState":{"m_AlwaysRefresh":false,"showFog":true,"showSkybox":false,"showFlares":true,"showImageEffects":true,"showParticleSystems":true,"showVisualEffectGraphs":true,"m_FxEnabled":false},"in2DMode":false,"pivot":{"x":-11.180000305175782,"y":2.2300000190734865,"z":-12.579999923706055},"rotation":{"x":0.6133362054824829,"y":0.049664128571748736,"z":-0.03868471831083298,"w":0.7873281836509705},"size":1.2247449159622193,"orthographic":false}